<?xml version="1.0" encoding="UTF-8"?>
<project-private xmlns="http://www.netbeans.org/ns/project-private/1">
    <editor-bookmarks xmlns="http://www.netbeans.org/ns/editor-bookmarks/2" lastBookmarkId="0"/>
    <open-files xmlns="http://www.netbeans.org/ns/projectui-open-files/2">
        <group>
            <file>file:/C:/Users/Dell/Documents/NetBeansProjects/Address%20Book/web/entry1.html</file>
            <file>file:/C:/Users/Dell/Documents/NetBeansProjects/Address%20Book/src/java/DeleteEntry.java</file>
            <file>file:/C:/Users/Dell/Documents/NetBeansProjects/Address%20Book/web/Search.html</file>
            <file>file:/C:/Users/Dell/Documents/NetBeansProjects/Address%20Book/web/login.html</file>
            <file>file:/C:/Users/Dell/Documents/NetBeansProjects/Address%20Book/web/Entry.html</file>
            <file>file:/C:/Users/Dell/Documents/NetBeansProjects/Address%20Book/web/delete.html</file>
            <file>file:/C:/Users/Dell/Documents/NetBeansProjects/Address%20Book/web/home.html</file>
            <file>file:/C:/Users/Dell/Documents/NetBeansProjects/Address%20Book/src/java/Serch_1.java</file>
            <file>file:/C:/Users/Dell/Documents/NetBeansProjects/Address%20Book/src/java/Userlogin.java</file>
            <file>file:/C:/Users/Dell/Documents/NetBeansProjects/Address%20Book/src/java/Updateentry.java</file>
            <file>file:/C:/Users/Dell/Documents/NetBeansProjects/Address%20Book/src/java/Search_1.html</file>
            <file>file:/C:/Users/Dell/Documents/NetBeansProjects/Address%20Book/web/Update.html</file>
            <file>file:/C:/Users/Dell/Documents/NetBeansProjects/Address%20Book/web/logout.html</file>
        </group>
    </open-files>
</project-private>
